课时,单词,解释,词性,备注
1,중국,中国,名,
1,일본,日本,名,
1,미국,美国,名,
1,한국,韩国,名,
1,프랑스,法国,名,
1,독일,德国,名,
1,호주,澳大利亚,名,
1,영국,英国,名,
1,선생님,老师,名,
1,학생,学生,名,
1,의사,医生,名,
1,회사원,公司职员,名,
1,요리사,厨师,名,
1,기자,记者,名,
1,가수,歌手,名,
1,군인,军人,名,
1,저,我,代,
1,씨,先生/女士,依存,
1,네,是,感,
1,주부,家庭主妇,名,
1,어느,哪（个）,冠,
1,나라,国家,名,
1,캐나다,加拿大,名,
1,인도,印度,名,
1,아니요.,不是。,句,
1,여러분,大家,代,
1,직업,职业,名,
1,무엇,什么,代,
1,러시아,俄罗斯,名,
1,파키스탄,巴基斯坦,名,
1,명함,名片,名,
1,이름,名字,名,
1,전화번호,电话号码,名,
1,영어,英语,名,
1,국적,国籍,名,
2,책상,书桌,名,
2,의자,椅子,名,
2,책,书,名,
2,공책,练习本,名,
2,볼펜,圆珠笔,名,
2,연필,铅笔,名,
2,가방,书包,名,
2,지우개,橡皮,名,
2,시계,手表,名,
2,모자,帽子,名,
2,우산,雨伞,名,
2,신문,报纸,名,
2,카메라,照相机,名,
2,사전,字典,名,
2,안경,眼镜,名,
2,휴대폰,手机,名,
2,남자 친구,男朋友,名,
2,동전,硬币,名,
2,차,茶,名,
2,한국어,韩国语,名,
2,친구,朋友,名,
2,여자 친구,女朋友,名,
2,뭐,什么,代,
2,창문,窗户,名,
2,지도,地图,名,
2,전자사전,电子词典,名,
2,한국어로,用韩国语,词组,
2,자,尺子,名,
2,필통,笔袋,名,
2,잡지,杂志,名,
2,지갑,钱包,名,
2,커피,咖啡,名,
2,좀,稍微，一点儿,副,
2,콜라,可乐,名,
2,주스,果汁,名,
2,교통카드,交通卡,名,
2,휴지,纸巾,名,
2,물,水,名,
2,어서 오세요,欢迎光临。,句,
2,사과,苹果,名,
2,오렌지,橙子,名,
2,영화,电影,名,
2,컴퓨터,电脑,名,
2,우유,牛奶,名,
2,바나나,香蕉,名,
2,딸기,草莓,名,
2,텔레비전,电视,名,
2,서울대학교,首尔大学,名,
2,제,我的,代,
2,방,房间,名,
2,침대,床,名,
2,냉장고,冰箱,名,
2,룸메이트,室友,名,
2,에어컨,空调,名,
2,우리,我们,代,
3,자다,睡觉,动,
3,공부하다,学习,动,
3,일하다,工作,动,
3,운동하다,运动,动,
3,하다,做,动,
3,숙제,作业,名,
3,사다,买,动,
3,옷,衣服,名,
3,보다,看,动,
3,영화,电影,名,
3,만나다,见,动,
3,친구,同学,名,
3,배우다,学,动,
3,태권도,跆拳道,名,
3,먹다,吃,动,
3,밥,饭,名,
3,마시다,喝,动,
3,커피,咖啡,名,
3,읽다,看,动,
3,책,书,名,
3,도서관,图书馆,名,
3,집,家,名,
3,백화점,百货商场,名,
3,시장,市场,名,
3,공원,公园,名,
3,커피숍,咖啡厅,名,
3,극장,剧场，电影院,名,
3,학교,学校,名,
3,식당,餐厅,名,
3,회사,公司,名,
3,지금,现在,副,
3,아르바이트하다,打工,动,
3,쉬다,休息,动,
3,피자,比萨,名,
3,일본어,日语,名,
3,요리,菜，料理,名,
3,오늘,今天,副,
3,그리고,还有,副,
3,어디,哪里,代,
3,고기,肉,名,
3,프랑스어,法语,名,
3,드라마,电视剧,名,
3,그럼,那么,副,
3,스포츠 센터,体育中心,名,
3,가르치다,教，教授,动,
3,언어교육원,语言教育院,名,
3,불고기,烤肉,名,
4,공항,机场,名,
4,우체국,邮局,名,
4,대사관,大使馆,名,
4,은행,银行,名,
4,가게,商店,名,
4,약국,药店,名,
4,병원,医院,名,
4,미용실,理发店,名,
4,앞,前面,名,
4,뒤,后面,名,
4,옆,旁边,名,
4,안,里面,名,
4,아래,下面,名,
4,밑,底部,名,
4,위,上面,名,
4,인사동,仁寺洞,名,
4,N서울타워,N首尔塔,名,
4,명동,明洞,名,
4,남산,南山,名,
4,대학로,大学路,名,
4,청계천,清溪川,名,
4,교실,教室,名,
4,찻집,茶馆儿,名,
4,서울,首尔,名,
4,시내,市内,名,
4,구경하다,观看，欣赏,动,
4,쇼핑하다,购物,动,
4,연극,话剧,名,
4,알다,知道,动,
4,어머니,妈妈,名,
4,아버지,爸爸,名,
4,잘 지내다,过得很好,词组,
4,기숙사,宿舍,名,
4,사진,照片,名,
4,매일,每天,副,
4,그,那,代,
4,반,班,名,
4,사랑하다,爱,动,
4,서점,书店,名,
4,빵집,面包店,名,
4,화장실,洗手间,名,
5,일,一,数,
5,이,二,数,
5,삼,三,数,
5,사,四,数,
5,오,五,数,
5,육,六,数,
5,칠,七,数,
5,팔,八,数,
5,구,九,数,
5,십,十,数,
5,월요일,星期一,名,
5,화요일,星期二,名,
5,수요일,星期三,名,
5,목요일,星期四,名,
5,금요일,星期五,名,
5,토요일,星期六,名,
5,일요일,星期日,名,
5,주말,周末,名,
5,며칠,几号,名,
5,시험,考试,名,
5,언제,什么时候,代,
5,무슨,什么,冠,
5,생일,生日,名,
5,하고,和,助,
5,크리스마스,圣诞节,名,
5,파티,派对，聚会,名,
5,시간,时间,名,
5,미안하다,对不起,形,
5,약속,约会,名,
5,같이,一起,副,
5,어제,昨天,副,
5,코엑스몰,COEX购物中心,名,
5,카드,卡片,名,
5,선물,礼物,名,
5,세수하다,洗漱,动,
5,이,牙,名,
5,닦다,刷,动,
5,거기,那里,代,
5,산책하다,散步,动,
5,사진을 찍다,拍照,词组,
5,누구,谁,代,
5,혼자,自己,名,
5,끝나다,结束,动,
5,그래서,所以,副,
5,내일,明天,副,
5,스케줄,日程安排,名,
5,지난주,上周,名,
6,갈비탕,排骨汤,名,
6,김밥,紫菜包饭,名,
6,김치,泡菜,名,
6,김치찌개,泡菜汤,名,
6,냉면,冷面,名,
6,라면,方便面,名,
6,불고기,烤肉,名,
6,비빔밥,拌饭,名,
6,샌드위치,三明治,名,
6,스파게티,意大利面,名,
6,햄버거,汉堡包,名,
6,피자,披萨,名,
6,귤,橘子,名,
6,딸기,草莓,名,
6,사과,苹果,名,
6,수박,西瓜,名,
6,하나,一,数,
6,둘,二,数,
6,셋,三,数,
6,넷,四,数,
6,다섯,五,数,
6,여섯,六,数,
6,일곱,七,数,
6,여덟,八,数,
6,아홉,九,数,
6,열,十,数,
6,얼마,多少,名,
6,십 원,10韩元,名,
6,오십 원,50韩元,名,
6,백 원,100韩元,名,
6,오백 원,500韩元,名,
6,천 원,1000韩元,名,
6,오천 원,5000韩元,名,
6,만 원,10000韩元,名,
6,오만 원,50000韩元,名,
6,앉다,坐,动,
6,주다,给,动,
6,잠깐만,一会儿,名,
6,기다리다,等,动,
6,빵,面包,名,
6,몇,几,冠,
6,맥주,啤酒,名,
6,아이스크림,冰激凌,名,
6,메뉴,菜单,名,
6,좋아하다,喜欢,动,
6,싫다,不喜欢,动,
6,우동,乌冬面,名,
6,그래요?,是吗？,句,
6,여기요.,这里。,句,
6,맛있다,好吃，好喝,形,
6,맛없다,不好吃,形,
6,싸다,便宜,形,
6,비싸다,贵,形,
6,좋다,好,形,
6,길,路,名,
6,복잡하다,复杂,形,
6,재미있다,有趣,形,
6,재미없다,无趣,形,
6,노래,歌曲,名,
6,아리랑,阿里郎,名,
6,바지,裤子,名,
6,운동화,运动鞋,名,
6,아저씨,大叔,名,
6,에,表示基准或标准,助,
6,모두,全部,名,
6,또,又,副,
6,배,梨,名,
6,키위,猕猴桃,名,
6,파인애플,菠萝,名,
6,박스,盒,名,
6,달걀,鸡蛋,名,
6,과자,饼干,名,
6,케이크,蛋糕,名,
6,아이스커피,冰咖啡,名,
6,에스프레소,意式咖啡,名,
6,돈가스,炸猪排,名,
6,점심,午饭,名,
6,급,级别,名,
6,물건,东西,名,
6,팔다,卖,动,
6,인치,寸,依存,
6,아주,非常,副,
6,리모컨,遥控器,名,
6,깨끗하다,干净,形,
6,많이,很多,副,
6,권,册，本,依名,
6,전화하다,打电话,动,
6,깎아 주다,砍价,词组,
7,흐리다,阴,形,
7,맑다,晴朗,形,
7,덥다,热,形,ㅂ的不规则变化
7,춥다,冷,形,ㅂ的不规则变化
7,따뜻하다,温暖,形,
7,시원하다,凉爽,形,
7,비가 오다,下雨,词组,
7,눈이 오다,下雪,词组,
7,계절,季节,名,
7,봄,春天,名,
7,여름,夏天,名,
7,가을,秋天,名,
7,겨울,冬天,名,
7,쉽다,容易,形,ㅂ的不规则变化
7,어렵다,难,形,ㅂ的不规则变化
7,맵다,辣,形,ㅂ的不规则变化
7,가볍다,轻,形,ㅂ的不规则变化
7,무겁다,重,形,ㅂ的不规则变化
7,날씨,天气,名,
7,어때요?,怎么样？,句,
7,동생,弟弟，妹妹,名,
7,휴대폰,手机,名,
7,떡볶이,炒年糕,名,
7,도쿄,东京,名,
7,조심해서 오세요.,来的路上注意安全。,句,
7,런던,伦敦,名,
7,싱가포르,新加坡,名,
7,모스크바,莫斯科,名,
7,어떻다,怎么样,形,
7,파리,巴黎,名,
7,요즘,最近,名,
7,쉬는 시간,休息时间,词组,
7,이야기하다,聊天,动,
7,고향,家乡,名,
7,스키장,滑雪场,名,
7,뉴욕,纽约,名,
7,단풍,枫叶,名,
7,베이징,北京,名,
7,수영장,游泳馆,名,
7,꽃,花,名,
7,바다,海,名,
7,생선,鱼,名,
7,부산,釜山,名,
7,작년,去年,名,
7,브라질,巴西,名,
7,에서,从,助,
7,브라질리아,巴西利亚,名,
7,항상,经常,副,
7,처음,第一次,名,
7,하늘,天空,名,
7,눈사람,雪人,名,
7,만들다,做,动,
7,태국,泰国,名,
7,수영하다,游泳,动,
7,망고,芒果,名,
7,선글라스,墨镜,名,
7,부채,扇子,名,
7,슬리퍼,拖鞋,名,
8,골프를 치다,打高尔夫,词组,
8,자전거를 타다,骑自行车,词组,
8,게임을 하다,打游戏,词组,
8,테니스를 치다,打网球,词组,
8,농구를 하다,打篮球,词组,
8,피아노를 치다,弹钢琴,词组,
8,당구를 치다,打台球,词组,
8,스키를 타다,滑雪,词组,
8,기타를 치다,弹吉他,词组,
8,스케이트를 타다,滑冰,词组,
8,축구를 하다,踢足球,词组,
8,낮잠을 자다,睡懒觉,词组,
8,노래방을 가다,去练歌房,词组,
8,등산을 하다,登山,词组,
8,찜질방에 가다,去汗蒸房,词组,
8,산책을 하다,散步,词组,
8,여행을 하다,旅行,词组,
8,걷다,走,动,ㄷ的不规则变化
8,버스,公共汽车,名,
8,타다,乘坐，骑,动,
8,걸어서 가다,走着去,词组,
8,음악,音乐,名,
8,듣다,听,动,ㄷ的不规则变化
8,뉴스,新闻,名,
8,라디오,广播,名,
8,잘,好好地,副,
8,생활,生活,名,
8,조금,一点儿,副,
8,심심하다,无聊,形,
8,한강,汉江,名,
8,그런데,但是，可是,副,
8,어떻게,怎么,副,
8,가깝다,近,形,ㅂ的不规则变化
8,관악산,冠岳山,名,
8,시청,市政府,名,
8,정말,真的,副,
8,많다,多,形,
8,자주,经常,副,
8,그래요.,好啊。,句,
8,다음,下次，下一个,名,
8,피곤하다,累,形,
8,크다,大,形,
8,식혜,甜米露,名,
8,저기,那里,代,
8,수업,课,名,
8,오후,下午,名,
8,운동장,运动场,名,
8,번,号,依名,
9,가족,家人,名,
9,할머니,奶奶,名,
9,할아버지,爷爷,名,
9,어머니,妈妈,名,
9,아버지,爸爸,名,
9,언니,姐,名,
9,오빠,哥,名,
9,누나,姐,名,
9,형,哥,名,
9,여동생,妹妹,名,
9,남동생,弟弟,名,
9,아내,妻子,名,
9,남편,丈夫,名,
9,아들,儿子,名,
9,딸,女儿,名,
9,열,十,数,
9,스물,二十,数,
9,서른,三十,数,
9,마흔,四十,数,
9,쉰,五十,数,
9,예순,六十,数,
9,일흔,七十,数,
9,여든,八十,数,
9,아흔,九十,数,
9,백,一百,数,
9,살,岁,依名,
9,나이,年龄,名,
9,연세,贵庚,名,
9,먹다,吃,动,
9,마시다,喝,动,
9,드시다,吃，喝（敬语）,动,
9,사람,-人,依名,
9,명,-名,依名,
9,분,-位,依名,
9,이름,名字,名,
9,성함,姓名,名,
9,있다,在,动,
9,계시다,在（敬语）,动,
9,자다,睡觉,动,
9,주무시다,睡觉（敬语）,动,
9,집,家,名,
9,댁,贵府,名,
9,운전,驾驶,名,
9,수학,数学,名,
9,수영,游泳,名,
9,인사하다,问好，打招呼,动,
9,이쪽,这，这边,代,
9,한테서,从,助,
9,뭘요,哪里。,句,
9,동아리,兴趣小组，社团,名,
9,같은 과,同系，同专业,词组,
9,청소,清扫,名,
9,반갑다,高兴，喜悦,形,ㅂ的不规则变化
9,역사,历史,名,
9,이분,这位,代,
9,우리,我们,代,
9,주부,主妇,名,
9,회사원,公司职员,名,
9,다니다,上班，上学,动,
9,찬절하다,亲切,形,
9,사장님,社长,名,
9,전에,之前,名,
9,멋있다,帅,形,
9,부모님,父母,名,
9,미인,美人,名,
9,대학교,大学,名,
9,신문사,报社,名,
9,중학교,中学,名,
9,가족,家，家族,名,
9,되다,成为，变成,动,
9,강아지,小狗,名,
9,가족사진,全家福,名,
9,웃다,笑,动,
9,항상,经常,副,
9,들,表“复数”,助,
9,그래서,所以,副,
9,그리고,还有,副,
9,동아리,社团,名,
9,정말,真的,副,
9,취미,兴趣爱好,名,
10,새벽,凌晨,名,
10,아침,早上；早餐,名,
10,낮,白天,名,
10,점심,午餐,名,
10,저녁,傍晚；晚餐,名,
10,밤,晚上,名,
10,오잔,上午,名,
10,오후,下午,名,
10,버스를 기다리다,等公交车,词组,
10,버스를 타다,坐公交车,词组,
10,빨래하다,洗衣服,动,
10,샤워하다,洗澡,动,
10,세수하다,洗漱,动,
10,요리하다,做饭,动,
10,일어하다,起来，起床,动,
10,전화하다,打电话,动,
10,청소하다,打扫卫生,动,
10,컴퓨터를 하다,用电脑,词组,
10,회의하다,开会,动,
10,시,点、时,依名,
10,분,分,依名,
10,반,半,名,
10,쯤,左右，大概,后缀,
10,보통,普通，一般，通常,名,
10,수업(을)하다,上课,词组,
10,시험믈 보다,考试,词组,
10,내리다,下，落,动,
10,그리다,画,动,
10,조금 후,一会儿,名,
10,이번,这次，这回,名,
10,방학,假期,名,
10,주날 잘 보내다,度过愉快的周末,句,
10,데이트하다,约会,动,
10,당남,江南,名,
10,여의도,汝矣岛,名,
10,박물관,博物馆,名,
10,연습,练习,名,
10,인천,仁川,名,
11,머리,头,名,
11,목,脖子，嗓子,名,
11,어깨,肩膀,名,
11,팔,胳膊,名,
11,손,手,名,
11,가슴,胸,名,
11,배,肚子,名,
11,허리,腰,名,
11,다리,腿,名,
11,무릎,膝盖,名,
11,발,脚,名,
11,몸,身体,名,
11,얼굴,脸,名,
11,눈,眼睛,名,
11,코,鼻子,名,
11,입,嘴,名,
11,귀,耳朵,名,
11,기침을 하다,咳嗽,词组,
11,목이 아프다,嗓子疼,词组,
11,열이 나다,发烧,词组,
11,콧물이 나다,流鼻涕,词组,
11,열,热,名,
11,나다,流出，发出，出现,动,
11,아프다,疼,形,
11,바쁘다,忙,形,
11,배고프다,饿,形,
11,예쁘다,漂亮,形,
11,편지,信,名,
11,쓰다,写,动,
11,나쁘다,坏，不好,形,
11,끄다,关,动,
11,담배를 피우다,抽烟,词组,
11,알다,知道,动,
11,늦다,晚，迟,形,
11,말다,停止，不要,动,
11,크다,大的,形,
11,소리,声音,名,
11,이야기하다,说话，讲故事,词组,
11,음식,食物,名,
11,가져오다,带来（物品）,动,
11,데리다,带来（人或动物）,动,
11,들어오다,进来,动,
11,감기에 걸리다,得感冒,词组,
11,유행이다,流行,形,
11,약,药,名,
11,푹 쉬다,好好休息，充分休息,词组,
11,말을 하다,说话,词组,
11,오랫동안,很长时间,副,
11,샤워하다,洗澡,动,
11,술,酒,名,
11,알다,知道,动,
11,걸리다,患,动,
11,어떻게,怎么,副,
11,지나다,过去,动,
11,지난주,上周,名,
11,이번 주,这周,名,
11,다음 주,下周,名,
11,요즘,最近,名,
11,씻다,洗,动,
11,따뜻한 물,温水,词组,
11,찬 물,冰水,词组,
11,되다,可以，行得通,动,
11,손님,客人,名,
11,리포트,报告,名,
11,내년,明年,名,
11,결혼하다,结婚,动,
11,괜찮아,没关系，不错,形,
11,다행이다,万幸,词组,
11,너무,非常,副,
11,무리하다,勉强，为难,动,
11,생신,生辰（敬）,名,
11,제출하다,提交,动,
11,알람,闹钟,名,
11,걱정,烦恼,名,
11,발음,发音,名,
11,PC방,网吧,名,
11,싸우다,吵架，打架,动,
11,혼자,独自,副,
11,심심하다,无聊,形,
